<?xml version="1.0" encoding="UTF-8"?>
<feature
      id="gtest.eclipse.plugin"
      label="%featureName"
      version="1.6.0.200809120021"
      provider-name="%providerName"
      image="eclipse_update_120.jpg">

   <description>
      %description
   </description>

   <copyright>
      %copyright
   </copyright>

   <license url="%licenseURL">
      %license
   </license>

   <url>
      <update label="%updateSiteName" url="http://ifs.hsr.ch/cute/updatesite/"/>
      <discovery label="CDT Europa update site" url="http://download.eclipse.org/tools/cdt/releases/europa"/>
   </url>

   <requires>
      <import plugin="org.eclipse.ui" version="3.3.0" match="compatible"/>
      <import plugin="org.eclipse.core.runtime" version="3.3.100" match="compatible"/>
      <import plugin="org.eclipse.debug.ui" version="3.3.0" match="compatible"/>
      <import plugin="org.eclipse.ui.console" version="3.2.0" match="compatible"/>
      <import plugin="org.eclipse.jface.text" version="3.3.0" match="compatible"/>
      <import plugin="org.eclipse.ui.ide" version="3.3.0" match="compatible"/>
      <import plugin="org.eclipse.ui.workbench.texteditor" version="3.3.0" match="compatible"/>
      <import plugin="org.eclipse.compare" version="3.3.0" match="compatible"/>
      <import plugin="org.eclipse.ui.editors"/>
      <import plugin="org.eclipse.cdt.launch" version="5.0.0" match="compatible"/>
      <import plugin="org.eclipse.cdt.core" version="5.0.0" match="compatible"/>
      <import plugin="org.eclipse.cdt.debug.core" version="5.0.0" match="compatible"/>
      <import plugin="org.eclipse.cdt.ui" version="5.0.0" match="compatible"/>
      <import plugin="org.eclipse.cdt.managedbuilder.ui" version="5.0.0" match="compatible"/>
      <import plugin="org.eclipse.cdt.managedbuilder.core" version="5.0.0" match="compatible"/>
      <import plugin="org.eclipse.core.expressions"/>
   </requires>

   <plugin
         id="gtest.eclipse.plugin"
         download-size="0"
         install-size="0"
         version="1.6.0.200809120021"
         unpack="false"/>

</feature>
